date,realized_variance,realized_volatility,realized_volatility_percent,log_realized_variance
2024-10-04,5.025172885124572e-05,0.0070888453820947255,0.7088845382094725,-9.898465606617012
2024-10-07,2.3048769946944038e-05,0.004800913449224432,0.4800913449224432,-10.677898154503298
2024-10-08,1.6274105779927898e-05,0.004034117720137564,0.40341177201375644,-11.025935315776811
2024-10-09,1.4813791539977974e-05,0.003848868865001505,0.3848868865001505,-11.119951950297622
2024-10-10,1.7319943189257817e-05,0.00416172358395627,0.41617235839562694,-10.96365193490131
2024-10-11,1.6091844888902e-05,0.004011464182677193,0.4011464182677193,-11.037197942942452
2024-10-14,1.272839998003149e-05,0.003567688324395993,0.3567688324395993,-11.271674842215802
2024-10-15,2.253829284676526e-05,0.00474745119477444,0.474745119477444,-10.700294791051265
2024-10-16,1.3717624193806259e-05,0.003703731117914239,0.3703731117914239,-11.196829114377847
2024-10-17,2.7242260060749456e-05,0.0052194118500794185,0.5219411850079418,-10.51074111166836
2024-10-18,1.7380655708466e-05,0.004169011358639599,0.41690113586395994,-10.960152711078864
2024-10-21,1.6574512706901227e-05,0.004071180750949438,0.4071180750949438,-11.007644421606493
2024-10-22,1.1038770652710661e-05,0.0033224645449892558,0.3322464544989256,-11.41409687723677
2024-10-23,3.027909435444185e-05,0.005502644305644501,0.5502644305644501,-10.405053038876595
2024-10-24,2.897111127904146e-05,0.005382481888408122,0.5382481888408122,-10.449211387269385
2024-10-25,3.539580770187957e-05,0.005949437595426947,0.5949437595426946,-10.248917171338094
2024-10-28,1.547908798903708e-05,0.003934347212567427,0.39343472125674267,-11.076020606975156
2024-10-29,2.6986880963561085e-05,0.005194889889454933,0.5194889889454932,-10.520159700281337
2024-10-30,2.1999488560167332e-05,0.004690361239837219,0.4690361239837219,-10.724491352141301
2024-10-31,5.72858719684728e-05,0.007568743090399673,0.7568743090399673,-9.76745652714995
2024-11-01,4.886648898438922e-05,0.006990456993958923,0.6990456993958923,-9.92641869324942
2024-11-04,3.30492615574553e-05,0.005748848715826092,0.5748848715826091,-10.317511335109677
2024-11-05,3.0505859543056987e-05,0.005523210981218895,0.5523210981218895,-10.397591776637052
2024-11-06,3.463256489675354e-05,0.005884943916194405,0.5884943916194405,-10.270716136547554
2024-11-07,1.4520454147041564e-05,0.0038105713675302766,0.38105713675302766,-11.13995227171229
2024-11-08,9.207895285882575e-06,0.0030344513978448518,0.3034451397844852,-11.595449258689875
2024-11-11,1.1453493447603313e-05,0.00338430102792339,0.338430102792339,-11.377215769904792
2024-11-12,1.9108553128043413e-05,0.004371333106506917,0.43713331065069166,-10.865374515396693
2024-11-13,2.4243796562923005e-05,0.00492379899700658,0.492379899700658,-10.627349785144437
2024-11-14,4.5272421044481076e-05,0.006728478360259553,0.6728478360259552,-10.002812517838596
2024-11-15,2.9939687719038644e-05,0.005471717072276183,0.5471717072276183,-10.416325609253017
2024-11-18,2.467234130863518e-05,0.004967126061278813,0.4967126061278813,-10.609827726833583
2024-11-19,1.9914957072204738e-05,0.004462617737629421,0.4462617737629421,-10.824039496883843
2024-11-20,5.001887408462537e-05,0.007072402285265267,0.7072402285265267,-9.90311014207191
2024-11-21,9.287539741796333e-05,0.009637188252699193,0.9637188252699193,-9.284251775872644
2024-11-22,3.6068158880328945e-05,0.006005677220791086,0.6005677220791086,-10.230100107314442
2024-11-25,2.7170094919462283e-05,0.005212494116971479,0.5212494116971479,-10.513393640992838
2024-11-26,1.4495874468826866e-05,0.003807344805612813,0.3807344805612813,-11.141646468412317
2024-11-27,1.3330760658507911e-05,0.003651131421697651,0.3651131421697651,-11.225436361747718
2024-12-02,7.77983223134957e-06,0.002789235062046505,0.2789235062046505,-11.763975784100367
2024-12-03,6.8194360625204425e-06,0.0026114049977972475,0.26114049977972476,-11.895733778307802
2024-12-04,6.400937901810279e-06,0.0025300074904652512,0.25300074904652514,-11.959066031177777
2024-12-05,9.892051716808835e-06,0.0031451632257815864,0.31451632257815865,-11.523778980173923
2024-12-06,9.682998810079619e-06,0.003111751726934464,0.3111751726934464,-11.545138910222462
2024-12-09,9.610603794396613e-06,0.0031000973846633615,0.31000973846633617,-11.552643507153846
2024-12-10,1.2942460094335629e-05,0.003597563077186504,0.3597563077186504,-11.254997171479289
2024-12-11,5.288668979434885e-06,0.0022997106294999126,0.22997106294999126,-12.149943954446185
2024-12-12,1.2141715581499569e-05,0.003484496460250687,0.3484496460250687,-11.318863465883906
2024-12-13,1.8918571329312816e-05,0.004349548405215513,0.4349548405215513,-10.875366508327337
2024-12-16,7.464233604873059e-06,0.00273207496326017,0.273207496326017,-11.805387797364368
2024-12-17,1.377486347472778e-05,0.00371145031958233,0.371145031958233,-11.192665114064953
2024-12-18,0.00020235868848781285,0.014225283423813139,1.422528342381314,-8.505468749645685
2024-12-19,0.00010407867391508021,0.01020189560400812,1.020189560400812,-9.170363464856948
2024-12-20,0.00011859381794183794,0.010890078876750064,1.0890078876750064,-9.039806198038832
2024-12-23,3.58969878650987e-05,0.005991409505708878,0.5991409505708878,-10.23485716946928
2024-12-26,2.9988153989096344e-05,0.005476144080381409,0.5476144080381409,-10.414708121312755
2024-12-27,7.323751216140272e-05,0.008557891805894878,0.8557891805894878,-9.521802807039068
2024-12-30,6.308412263988324e-05,0.007942551393594078,0.7942551393594078,-9.671041442268136
2024-12-31,7.99120435413922e-05,0.008939353642260284,0.8939353642260284,-9.434583983867817
2025-01-02,0.0001527230663537585,0.012358117427576034,1.2358117427576034,-8.786884300475963
2025-01-03,3.651375408417684e-05,0.006042661175688807,0.6042661175688807,-10.217821544132223
2025-01-06,2.7069617188863718e-05,0.005202847027240347,0.5202847027240347,-10.517098595965072
2025-01-07,8.217605196200643e-05,0.00906510076954506,0.9065100769545059,-9.406646637011214
2025-01-08,8.95757352266147e-05,0.0094644458488923,0.94644458488923,-9.320426086862597
2025-01-10,0.00010621380920062355,0.01030600840289894,1.030600840289894,-9.150056427471924
2025-01-13,6.695676326368079e-05,0.008182711241616729,0.8182711241616729,-9.611463471307411
2025-01-14,7.326194472651273e-05,0.008559319174240012,0.8559319174240012,-9.521469255422488
2025-01-15,3.05932864917223e-05,0.005531119822578635,0.5531119822578635,-10.394729968772046
2025-01-16,3.54518445478218e-05,0.00595414515676447,0.595414515676447,-10.247335273961163
2025-01-17,1.823082401561998e-05,0.004269756903574251,0.42697569035742516,-10.912396769218994
2025-01-21,2.7091316028479013e-05,0.005204931894701314,0.5204931894701315,-10.51629732318459
2025-01-22,6.731164509997146e-06,0.002594448787314397,0.2594448787314397,-11.90876239658704
2025-01-23,9.366003954914643e-06,0.003060392777882382,0.3060392777882382,-11.578424024940078
2025-01-24,1.2078244008589974e-05,0.0034753768153381547,0.3475376815338155,-11.324104739551228
2025-01-27,8.107842069763409e-05,0.009004355651440811,0.9004355651440812,-9.420093714892404
2025-01-28,3.680325276922577e-05,0.006066568450881088,0.6066568450881088,-10.209924326227505
2025-01-29,6.765848533315224e-05,0.008225477817923543,0.8225477817923543,-9.601037781306982
2025-01-30,7.458507147150353e-05,0.008636264902809752,0.8636264902809752,-9.503570185103111
2025-01-31,5.732013679055389e-05,0.007571006326146735,0.7571006326146735,-9.766858568570411
2025-02-03,0.00012333174778668854,0.011105482780441765,1.1105482780441764,-9.000632696860356
2025-02-04,2.5111320053997303e-05,0.00501111964075867,0.501111964075867,-10.59219181532842
2025-02-05,2.2997101736548006e-05,0.0047955293489403234,0.47955293489403233,-10.680142361429668
2025-02-06,2.2157815268078675e-05,0.004707208861743727,0.4707208861743727,-10.717320289931024
2025-02-07,0.00010916945508253997,0.010448418783841886,1.0448418783841886,-9.122609249142464
2025-02-10,9.435797157830514e-06,0.0030717742686972483,0.3071774268697248,-11.570999893276596
2025-02-11,1.277825124593243e-05,0.003574667991007337,0.3574667991007337,-11.267765953594232
2025-02-12,3.715062495924178e-05,0.006095131250370396,0.6095131250370396,-10.200529964351377
2025-02-13,2.2666352348346937e-05,0.004760919275554558,0.4760919275554558,-10.694629008537119
2025-02-14,9.650159865521251e-06,0.0031064706445613245,0.31064706445613244,-11.548536076375342
2025-02-18,1.8914715702876154e-05,0.004349105161165473,0.4349105161165473,-10.875570330239334
2025-02-19,1.182499833535972e-05,0.003438749530768375,0.3438749530768375,-11.34529476435925
2025-02-20,2.540929154880309e-05,0.005040762992722738,0.5040762992722738,-10.580395641823591
2025-02-21,3.242017299703214e-05,0.005693871529726688,0.5693871529726688,-10.33672970555031
2025-02-24,5.77135271281585e-05,0.0075969419589831345,0.7596941958983134,-9.760018972963854
2025-02-25,9.016162026872381e-05,0.009495347295845677,0.9495347295845677,-9.313906717356922
2025-02-26,5.161164686558892e-05,0.007184124641568305,0.7184124641568305,-9.871763196497033
2025-02-27,0.00011970987033869513,0.010941200589455214,1.0941200589455213,-9.030439489830016
2025-02-28,0.0001643567514090153,0.012820169710616756,1.2820169710616756,-8.713471179239217
2025-03-03,0.0001475108183325543,0.01214540317702769,1.214540317702769,-8.821609040246498
2025-03-04,0.0001805357218550326,0.013436358206561501,1.34363582065615,-8.619581894757921
2025-03-05,0.00017409650627664118,0.01319456351216823,1.319456351216823,-8.655900778728409
2025-03-06,0.00018221172254009605,0.013498582241853995,1.3498582241853996,-8.610341236349146
2025-03-07,0.0002542852597191996,0.01594632433256014,1.594632433256014,-8.277053851356179
2025-03-10,0.00016474766373218992,0.012835406644597978,1.2835406644597978,-8.71109556536694
2025-03-11,0.00029297410388891065,0.01711648631842735,1.711648631842735,-8.135426335484887
2025-03-12,0.00011624252269503222,0.010781582569132985,1.0781582569132986,-9.059831836468435
2025-03-13,0.00013102454970111211,0.011446595550691573,1.1446595550691572,-8.940125850022174
2025-03-14,6.428889914021881e-05,0.008018035865485936,0.8018035865485936,-9.652123583301213
2025-03-17,6.912666294216544e-05,0.008314244580367204,0.8314244580367204,-9.579570041381622
2025-03-18,6.753703022545942e-05,0.00821809164133982,0.821809164133982,-9.602834514576795
2025-03-19,8.500537874049252e-05,0.009219836155837723,0.9219836155837723,-9.372796024176097
2025-03-20,8.267130752295093e-05,0.009092376340811621,0.9092376340811621,-9.400637962652622
2025-03-21,5.8623958790777564e-05,0.007656628421882412,0.7656628421882412,-9.744367091854015
2025-03-24,2.4399758334294968e-05,0.004939611152134849,0.4939611152134849,-10.62093733004634
2025-03-25,1.4992691347413184e-05,0.0038720396882538774,0.3872039688253877,-11.107947719109541
2025-03-26,3.820271728550333e-05,0.006180834675470889,0.6180834675470889,-10.172603911753226
2025-03-27,7.376615211677222e-05,0.008588722379770592,0.8588722379770591,-9.514610574971075
2025-03-28,6.17341121397241e-05,0.007857105837375752,0.7857105837375752,-9.692673908845604
2025-03-31,0.00014602532919659458,0.012084094057751892,1.2084094057751893,-8.831730463655271
2025-04-01,9.413735064910641e-05,0.009702440448109249,0.9702440448109249,-9.270755665056651
2025-04-02,0.00011859731239514173,0.01089023931762483,1.089023931762483,-9.03977673274391
2025-04-03,0.0001371983019148614,0.011713167885540676,1.1713167885540676,-8.89408321946292
2025-04-04,0.0008160916617506905,0.02856731807066758,2.856731807066758,-7.110983878731948
2025-04-07,0.004132676623124124,0.06428589754467245,6.428589754467246,-5.488829989164486
2025-04-08,0.0008356360573286108,0.028907370294245217,2.8907370294245216,-7.087317377790395
2025-04-09,0.002059135028966125,0.045377693076732374,4.537769307673237,-6.1854692732100505
2025-04-10,0.00117303321004275,0.03424957240671407,3.4249572406714073,-6.748162397654672
2025-04-11,0.000360713261714465,0.01899245275667324,1.8992452756673242,-7.927427204125541
2025-04-14,0.00018861356878000594,0.013733665525998728,1.3733665525998728,-8.57581024560199
2025-04-15,0.00011189000043845089,0.010577806976800573,1.0577806976800572,-9.097994308226056
2025-04-16,0.000180973635009871,0.013452644164247823,1.3452644164247824,-8.617159200237213
2025-04-17,0.00012599207621114648,0.011224619201164309,1.122461920116431,-8.979291540203404
2025-04-21,7.81098119193722e-05,0.008837975555486233,0.8837975555486233,-9.457394876239318
2025-04-22,0.00012642798262043416,0.011244019860371742,1.1244019860371741,-8.975837719262007
2025-04-23,0.00017699501524394334,0.013303947355726545,1.3303947355726546,-8.639388988250612
2025-04-24,6.177702449367005e-05,0.007859836162011906,0.7859836162011906,-9.69197903457204
2025-04-25,8.618841852076108e-05,0.009283771783104165,0.9283771783104164,-9.358974745228835
2025-04-28,8.089942846431913e-05,0.008994410957051002,0.8994410957051002,-9.422303798642718
2025-04-29,7.479539057853682e-05,0.008648432839453447,0.8648432839453447,-9.500754298164228
2025-04-30,0.00013538529868188185,0.01163551884025297,1.163551884025297,-8.907385780324269
2025-05-01,9.798257548500585e-05,0.009898614826580832,0.9898614826580832,-9.230720896275614
2025-05-02,4.899500659746151e-05,0.006999643319302885,0.6999643319302885,-9.92379217122069
2025-05-05,2.6769531546087928e-05,0.005173928057683826,0.5173928057683826,-10.528246199797382
2025-05-06,9.650764461406506e-05,0.009823830445099562,0.9823830445099562,-9.245888333958375
2025-05-07,0.000168588050256967,0.012984146111969281,1.2984146111969281,-8.688052391201559
2025-05-08,7.579670012920204e-05,0.008706130031719148,0.8706130031719148,-9.487455800179116
2025-05-09,4.151844479137007e-05,0.006443480797780813,0.6443480797780813,-10.089372776663415
2025-05-12,6.034444265809298e-05,0.0077681685523740395,0.776816855237404,-9.715441699862279
2025-05-13,2.6868719855245963e-05,0.005183504591996226,0.5183504591996225,-10.524547778628628
2025-05-14,3.651187175041833e-05,0.006042505419974262,0.6042505419974262,-10.217873096823142
2025-05-15,3.4293391901876496e-05,0.005856056002283149,0.5856056002283149,-10.280557878274884
2025-05-16,2.0332143758855878e-05,0.004509117847080056,0.45091178470800564,-10.803307487833305
2025-05-19,2.7139731204624314e-05,0.0052095807129388366,0.5209580712938836,-10.514511807636651
2025-05-20,3.120446467435555e-05,0.005586095655675398,0.5586095655675398,-10.37494937484942
2025-05-21,0.00010769376960437942,0.010377560869702448,1.037756086970245,-9.13621882501679
2025-05-22,4.935307002314033e-05,0.00702517402084392,0.702517402084392,-9.91651058483752
2025-05-23,5.357112219222793e-05,0.007319229617400176,0.7319229617400176,-9.834500400143943
2025-05-27,1.6891204975675025e-05,0.004109891114819835,0.4109891114819835,-10.988717487138997
2025-05-28,3.185978114574067e-05,0.005644446930013663,0.5644446930013663,-10.354166122754531
2025-05-29,7.408283265173514e-05,0.008607138470579822,0.8607138470579822,-9.510326730617988
2025-05-30,6.389135356437059e-05,0.0079932067134768,0.7993206713476799,-9.658326517717958
2025-06-02,4.576317395557044e-05,0.0067648484059563705,0.6764848405956371,-9.992030852380903
2025-06-03,1.4108632920861792e-05,0.0037561460196405827,0.37561460196405827,-11.16872368404631
2025-06-04,1.5198776293831037e-05,0.0038985607977599936,0.38985607977599934,-11.094295640337705
2025-06-05,8.06450547999931e-05,0.008980259172206174,0.8980259172206174,-9.425453072074086
2025-06-06,2.9992880444449335e-05,0.005476575612958278,0.5476575612958278,-10.41455052298497
2025-06-09,1.2760744410297191e-05,0.0035722184158163105,0.35722184158163106,-11.269136942384321
2025-06-10,1.6951462804107287e-05,0.0041172154187153346,0.4117215418715335,-10.98515642673427
2025-06-11,4.53012053162305e-05,0.006730617008583277,0.6730617008583277,-10.002176918406951
2025-06-12,2.1293469800659693e-05,0.004614484781712872,0.4614484781712872,-10.757110114383456
2025-06-13,4.82823828637599e-05,0.006948552573288908,0.6948552573288908,-9.938443807862562
2025-06-16,1.8782182297337555e-05,0.004333841517330503,0.4333841517330503,-10.882601887669123
2025-06-17,2.565894878198488e-05,0.005065466294625291,0.5065466294625292,-10.570618166802833
2025-06-18,4.903615207362712e-05,0.007002581814847086,0.7002581814847086,-9.922952734471405
2025-06-20,4.7271932715746653e-05,0.006875458727659316,0.6875458727659316,-9.959593827264555
2025-06-23,5.250391491982196e-05,0.007245958523192219,0.7245958523192219,-9.854622821245522
2025-06-24,1.0447151941704312e-05,0.0032322054299973434,0.32322054299973435,-11.46918115816333
2025-06-25,1.0576400720650867e-05,0.0032521378692562937,0.32521378692562936,-11.456885385949924
2025-06-26,9.06594205067819e-06,0.0030109702839248,0.30109702839248,-11.610985797405357
2025-06-27,2.1688630966053202e-05,0.0046571054278439095,0.46571054278439095,-10.738722353326233
2025-06-30,1.8236964391279396e-05,0.004270475897517676,0.4270475897517676,-10.912060013085117
2025-07-01,2.4242253515877236e-05,0.0049236423017799775,0.49236423017799774,-10.62741343425769
2025-07-02,7.605371502411248e-06,0.0027577838026957894,0.27577838026957896,-11.78665578368791
2025-07-07,2.3530544108052315e-05,0.004850829218602972,0.48508292186029717,-10.657211231478236
2025-07-08,2.1443239618660327e-05,0.0046306845734362355,0.46306845734362356,-10.750101131559752
2025-07-09,1.3944526231694526e-05,0.0037342370347494716,0.37342370347494713,-11.180423511524733
2025-07-10,7.340114073563346e-06,0.0027092644894072906,0.27092644894072904,-11.822156174101211
2025-07-11,1.4106365768420755e-05,0.0037558442151426827,0.3755844215142683,-11.168884389525752
2025-07-14,1.5302407449513328e-05,0.003911829169265106,0.3911829169265106,-11.087500392302646
2025-07-15,2.0819529973107353e-05,0.00456284231297854,0.456284231297854,-10.779619070771608
2025-07-16,6.658366085190683e-05,0.008159881178786051,0.8159881178786051,-9.617051343070836
2025-07-17,1.008707548344568e-05,0.003176015661712908,0.3176015661712908,-11.504255608679198
2025-07-18,8.620526921219335e-06,0.0029360733848491144,0.29360733848491144,-11.661364347405234
2025-07-21,7.128548742133493e-06,0.002669934220563026,0.2669934220563026,-11.851402886733421
2025-07-22,2.0443715612192107e-05,0.004521472726025461,0.45214727260254606,-10.79783502773061
2025-07-23,1.3421640742128879e-05,0.003663555751197036,0.3663555751197036,-11.218642172930597
2025-07-24,9.43539191231527e-06,0.003071708305213122,0.3071708305213122,-11.571042841870222
2025-07-25,3.7875493983189418e-06,0.0019461627368539717,0.19461627368539716,-12.483791344753392
2025-07-28,6.061349495867963e-06,0.002461980807371975,0.2461980807371975,-12.013578093587462
2025-07-29,1.215663868800272e-05,0.003486637160359925,0.3486637160359925,-11.317635143322308
2025-07-30,3.400762596063192e-05,0.005831605778911322,0.5831605778911322,-10.288925765538256
2025-07-31,4.736941532540253e-05,0.006882544247979996,0.6882544247979996,-9.957533783823752
2025-08-01,6.24690318024037e-05,0.007903735306954788,0.7903735306954788,-9.680839615179769
2025-08-04,1.779051804484208e-05,0.0042178807528001645,0.42178807528001644,-10.936844936708145
2025-08-05,2.4081129785206418e-05,0.004907252773722424,0.49072527737224236,-10.634082020633969
2025-08-06,2.7276145021571084e-05,0.005222656892958898,0.5222656892958898,-10.509498046500413
2025-08-07,4.2085960346047335e-05,0.006487369293176344,0.6487369293176344,-10.075796356360724
2025-08-08,1.4898033829532337e-05,0.003859797122846269,0.3859797122846269,-11.114281311469558
2025-08-11,1.886900376805555e-05,0.004343846655679221,0.4343846655679221,-10.877989994463155
2025-08-12,2.043360461478255e-05,0.00452035447888576,0.45203544788857597,-10.798329727361585
2025-08-13,1.3887300765435016e-05,0.003726566887288489,0.3726566887288489,-11.184535749424747
2025-08-14,1.5757294859277035e-05,0.003969545926082356,0.3969545926082356,-11.058207134252358
2025-08-15,1.984407132328195e-05,0.0044546684863502415,0.44546684863502417,-10.827605269333082
2025-08-18,1.1888766621219973e-05,0.003448009080791403,0.34480090807914027,-11.33991658508792
2025-08-19,2.5953007833924627e-05,0.0050944094686160265,0.5094409468616027,-10.559223046247526
2025-08-20,4.624630699050394e-05,0.006800463733489352,0.6800463733489353,-9.981528946047899
2025-08-21,3.898132904593083e-05,0.006243502946738379,0.624350294673838,-10.152427768880395
2025-08-22,7.353564782848901e-05,0.008575292871295359,0.8575292871295359,-9.517740264852897
2025-08-25,6.9614750982445455e-06,0.002638460744116642,0.2638460744116642,-11.875119166670977
2025-08-26,1.2932402616773094e-05,0.0035961649874238382,0.3596164987423838,-11.255774565213226
2025-08-27,8.077526405750425e-06,0.0028420989436946814,0.28420989436946814,-11.72642487020322
2025-08-28,1.2539401727248919e-05,0.0035411017674233706,0.3541101767423371,-11.286634733048421
2025-08-29,2.227385652433591e-05,0.004719518675070151,0.47195186750701507,-10.712096920410541
2025-09-02,3.0420968157435545e-05,0.005515520660593662,0.5515520660593661,-10.400378445293896
2025-09-03,2.1184895177879274e-05,0.0046027052021478925,0.46027052021478926,-10.762222121838551
2025-09-04,1.2085416154223072e-05,0.003476408513713984,0.3476408513713984,-11.323511108801961
2025-09-05,4.5531637531479894e-05,0.006747713503956722,0.6747713503956722,-9.997103143275329
2025-09-08,1.2070331157163523e-05,0.003474238212495442,0.3474238212495442,-11.324760086846489
2025-09-09,1.0887344460321551e-05,0.0032995976209716166,0.32995976209716166,-11.427909501966088
2025-09-10,1.5968775148178213e-05,0.003996094987381833,0.3996094987381833,-11.044875295724545
2025-09-11,1.0640860314558862e-05,0.003262033156569513,0.3262033156569513,-11.450809220688026
2025-09-12,8.994295418890023e-06,0.00299904908577536,0.299904908577536,-11.61892002393659
2025-09-15,7.474775965126813e-06,0.002734003651264353,0.2734003651264353,-11.803976410357164
2025-09-16,5.81250243463938e-06,0.002410913195168872,0.24109131951688723,-12.055499368188197
2025-09-17,9.330549916931943e-05,0.009659477168528297,0.9659477168528297,-9.279631511126375
2025-09-18,2.05783255704391e-05,0.004536333935066851,0.45363339350668513,-10.791272192849043
2025-09-19,1.0597600325221316e-05,0.003255395571235747,0.3255395571235747,-11.454882966888155
2025-09-22,5.531350371547252e-06,0.002351882303931736,0.2351882303931736,-12.105078582086383
2025-09-23,1.3528493783688663e-05,0.003678110083138984,0.3678110083138984,-11.2107124461701
2025-09-24,1.4638975984126712e-05,0.00382609147618385,0.382609147618385,-11.131822998316908
2025-09-25,4.44710582506766e-05,0.006668662403411692,0.6668662403411691,-10.020671956767838
2025-09-26,3.230276564849255e-05,0.005683552203375328,0.5683552203375328,-10.340357707608833
2025-09-29,1.2180176251343332e-05,0.0034900109242441252,0.3490010924244125,-11.31570082523358
2025-09-30,2.2870352100623027e-05,0.004782295693557962,0.4782295693557962,-10.685669154305945
2025-10-01,2.197629713136848e-05,0.004687888344592743,0.4687888344592743,-10.725546088541533
2025-10-02,1.1842055246144293e-05,0.0034412287407471613,0.34412287407471615,-11.34385335859414
2025-10-03,2.409654278150867e-05,0.0049088229527564625,0.49088229527564625,-10.63344218080747
2025-10-06,7.929117309119661e-06,0.002815868837343043,0.2815868837343043,-11.74496883883836
2025-10-07,2.0219172711735898e-05,0.004496573441158934,0.4496573441158934,-10.80887925956426
2025-10-08,7.764506128734825e-06,0.002786486341027859,0.2786486341027859,-11.765947705609792
2025-10-09,1.5565100601104284e-05,0.003945263058543027,0.3945263058543027,-11.070479290801883
2025-10-10,0.00018245950593420208,0.013507757250343304,1.3507757250343304,-8.608982294853954
2025-10-13,2.8088118491152473e-05,0.005299822496192912,0.5299822496192912,-10.480163900538525
2025-10-14,6.572690808519505e-05,0.008107213336603093,0.8107213336603093,-9.630002156424046
2025-10-15,6.016342384937323e-05,0.00775650848316259,0.7756508483162591,-9.718445967552292
2025-10-16,9.67044522639252e-05,0.009833842192344008,0.9833842192344008,-9.243851114538813
2025-10-17,8.412046484575928e-05,0.009171720931524208,0.9171720931524208,-9.38326068116122
2025-10-20,1.5851178487401177e-05,0.00398135385106639,0.398135385106639,-11.052266707887572
2025-10-21,1.7961072334454913e-05,0.004238050534674511,0.4238050534674511,-10.927303790054399
2025-10-22,6.041832225047439e-05,0.0077729223751735995,0.77729223751736,-9.714218150506577
2025-10-23,2.2146059687964438e-05,0.00470596001767593,0.470596001767593,-10.717850969489044
2025-10-24,9.30266750839634e-06,0.0030500274602692254,0.3050027460269225,-11.585209370072775
2025-10-27,5.831507629970236e-06,0.0024148514716168853,0.24148514716168853,-12.052234992410051
2025-10-28,9.027129721894332e-06,0.003004518217933506,0.3004518217933506,-11.615276101318992
2025-10-29,7.964124948617015e-05,0.008924194612746303,0.8924194612746303,-9.437978389712923
2025-10-30,3.951314566607132e-05,0.006285948271030499,0.6285948271030499,-10.138877139750699
2025-10-31,3.6623713040065575e-05,0.006051752889871295,0.6051752889871296,-10.214814630082227
2025-11-03,2.5455366905732036e-05,0.005045331198814606,0.5045331198814607,-10.578583956817486
2025-11-04,4.2740517695508194e-05,0.006537623245148667,0.6537623245148667,-10.060363195476809
2025-11-05,2.550954893821157e-05,0.0050506978664548495,0.505069786645485,-10.57645770773044
2025-11-06,6.405675313262877e-05,0.008003546284780814,0.8003546284780814,-9.655741099853469
2025-11-07,7.315573988093442e-05,0.008553112876662767,0.8553112876662766,-9.522919966304705
2025-11-10,2.3701322638799848e-05,0.0048684004189055614,0.48684004189055613,-10.649979703836074
2025-11-11,1.652516354816413e-05,0.004065115440939424,0.4065115440939424,-11.010626275261028
2025-11-12,2.164257177360256e-05,0.004652157754591149,0.46521577545911486,-10.74084826753519
2025-11-13,6.336124688375959e-05,0.00795997781930073,0.795997781930073,-9.666658131299473
2025-11-14,9.307207690132605e-05,0.009647387050457033,0.9647387050457032,-9.282136344539913
2025-11-17,7.692876368408489e-05,0.00877090438233623,0.877090438233623,-9.472630711283102
2025-11-18,0.00011369208007904967,0.01066264883033525,1.066264883033525,-9.082016815930732
2025-11-19,8.790095471323353e-05,0.009375550901852835,0.9375550901852835,-9.339299891975658
2025-11-20,0.0001816878519884459,0.01347916362347627,1.347916362347627,-8.613220442318148
2025-11-21,0.0001474023067183527,0.012140935166549268,1.2140935166549267,-8.822344928953248
2025-11-24,4.688239877424624e-05,0.006847072277568438,0.6847072277568438,-9.96786824561195
2025-11-25,9.489848417960483e-05,0.009741585301151184,0.9741585301151184,-9.26270282529361
2025-11-26,2.8893352526436644e-05,0.005375253717401314,0.5375253717401314,-10.45189900568999
2025-12-01,2.81558471534054e-05,0.0053062083594036715,0.5306208359403671,-10.477755510795228
2025-12-02,4.2907581782533215e-05,0.006550387910844152,0.6550387910844152,-10.056462016117898
2025-12-03,2.1778293697372795e-05,0.0046667219434387555,0.4666721943438755,-10.734596786165099
2025-12-04,2.5984574515412702e-05,0.0050975066959654605,0.509750669596546,-10.558007483876423
2025-12-05,1.8172646436511194e-05,0.004262938708978959,0.4262938708978959,-10.915593037482177
2025-12-08,1.921868508251706e-05,0.004383912075135297,0.43839120751352967,-10.859627570783438
2025-12-09,9.020580470231396e-06,0.003003428119704448,0.3003428119704448,-11.616001872276161
2025-12-10,4.619221720831612e-05,0.006796485651299216,0.6796485651299216,-9.982699232761798
2025-12-11,4.238502470805303e-05,0.006510378230798348,0.6510378230798348,-10.068715448960745
2025-12-12,5.8276868813719335e-05,0.0076339287928116895,0.763392879281169,-9.750305304681156
2025-12-15,4.9862084832951303e-05,0.0070613090027948295,0.706130900279483,-9.906249667005541
2025-12-16,4.666989583044242e-05,0.006831536857138548,0.6831536857138548,-9.972411230050414
2025-12-17,4.317728759821805e-05,0.006570942671962528,0.6570942671962527,-10.050195951010473
2025-12-18,6.508724958332708e-05,0.008067666923177176,0.8067666923177177,-9.639781886867684
2025-12-19,2.220154346069648e-05,0.004711851383553654,0.47118513835536535,-10.71534874624621
2025-12-22,8.791742566778325e-06,0.0029650872781046976,0.2965087278104698,-11.641697621685363
2025-12-23,8.008784643954962e-06,0.0028299796189999254,0.28299796189999255,-11.734971538239469
2025-12-26,7.1050586950588296e-06,0.00266553159708506,0.26655315970850596,-11.85470353535731
2025-12-29,8.54821613913734e-06,0.002923733253759197,0.2923733253759197,-11.669787935481073
2025-12-30,6.925317368680582e-06,0.0026315997736511116,0.26315997736511115,-11.880326677528648
2025-12-31,1.5265888241462177e-05,0.003907158589238755,0.3907158589238755,-11.089889745362717
2026-01-02,4.9337077781652076e-05,0.007024035718990336,0.7024035718990336,-9.916834674769168
2026-01-05,9.220580796780768e-06,0.0030365409262482807,0.30365409262482806,-11.594072529236506
2026-01-06,1.014159490611795e-05,0.003184587085654583,0.31845870856545827,-11.498865283597997
2026-01-07,1.266450298946333e-05,0.0035587221006231056,0.35587221006231057,-11.276707518118135
2026-01-08,2.3044185831639595e-05,0.004800436004327065,0.48004360043270644,-10.678097061917333
2026-01-09,2.7100265143251885e-05,0.0052057915001709285,0.5205791500170929,-10.515967046242647
2026-01-12,9.473705068289782e-06,0.003077938444525781,0.30779384445257807,-11.566990484590118
2026-01-13,1.9213908678769643e-05,0.004383367276280832,0.43833672762808323,-10.859876130836485
2026-01-14,5.2299269959071294e-05,0.0072318234186871085,0.7231823418687109,-9.858528145708387
2026-01-15,1.5351384995957795e-05,0.003918084352838488,0.3918084352838488,-11.084304860251653
2026-01-16,2.0772285107232206e-05,0.004557662241460221,0.45576622414602214,-10.781890906521216
2026-01-20,4.530928074214124e-05,0.006731216884200155,0.6731216884200155,-10.001998673563921
2026-01-21,8.799561135627463e-05,0.00938059760123387,0.9380597601233869,-9.33822361568109
2026-01-22,2.1880227570160518e-05,0.00467763055084094,0.467763055084094,-10.729927179634576
2026-01-23,2.3305719026729065e-05,0.004827599716912025,0.48275997169120244,-10.666811775720035
2026-01-26,1.1233651971425698e-05,0.0033516640600492315,0.33516640600492315,-11.396596644267543
2026-01-27,7.390153136988349e-06,0.0027184836098436108,0.2718483609843611,-11.81536210102829
2026-01-28,2.4717923410056048e-05,0.004971712321731422,0.49717123217314224,-10.607981933350926
2026-01-29,6.539010930053353e-05,0.008086415108101583,0.8086415108101583,-9.635139544874923
2026-01-30,7.472089680972356e-05,0.008644124988090094,0.8644124988090094,-9.501750761844253
2026-02-02,2.5594916641504155e-05,0.005059141887860445,0.5059141887860445,-10.573116794887374
2026-02-03,6.906327617308815e-05,0.008310431768150687,0.8310431768150687,-9.580487427610008
2026-02-04,0.00010448683715251166,0.01022188031393988,1.022188031393988,-9.166449454756116
2026-02-05,9.690258925793444e-05,0.009843911278446919,0.9843911278446918,-9.241804318496435
2026-02-06,5.0506909111452365e-05,0.007106821308535368,0.7106821308535368,-9.893400416952987
2026-02-09,2.008972508221195e-05,0.004482156298280098,0.4482156298280098,-10.81530206354107
2026-02-10,2.444053882840357e-05,0.004943737334082745,0.4943737334082745,-10.619267376915221
2026-02-11,5.2084410722252464e-05,0.007216953008178206,0.7216953008178206,-9.862644872362575
2026-02-12,6.514145755596793e-05,0.008071025805680957,0.8071025805680957,-9.638949382622462
2026-02-13,7.9214414220075e-05,0.008900247986436951,0.8900247986436951,-9.44335227797525
2026-02-17,0.00011962880441713848,0.010937495344782482,1.0937495344782482,-9.031116905836765
2026-02-18,3.5296278051493406e-05,0.005941067080204818,0.5941067080204818,-10.25173303721871
2026-02-19,5.982117450975879e-05,0.0077344149429519745,0.7734414942951975,-9.724150870890377
2026-02-20,6.772020459458243e-05,0.008229228675555348,0.8229228675555348,-9.600125979519875
2026-02-23,4.6656579051594185e-05,0.006830562132913673,0.6830562132913673,-9.972696610569832
2026-02-24,4.294888260714706e-05,0.006553539700585254,0.6553539700585254,-10.055499926004051
2026-02-25,8.429025972181654e-06,0.002903278486845803,0.2903278486845803,-11.68382933566507
2026-02-26,5.642638962333815e-05,0.00751175010389311,0.751175010389311,-9.78257360776884
2026-02-27,4.727220724728943e-05,0.006875478692228595,0.6875478692228595,-9.959588019785786
2026-03-02,6.927497918970712e-05,0.008323159207278635,0.8323159207278635,-9.577426767616474
2026-03-03,9.758638845074951e-05,0.009878582309762343,0.9878582309762343,-9.234772536865819
2026-03-04,4.5577919055670795e-05,0.0067511420556577535,0.6751142055657754,-9.996087189957029
2026-03-05,9.245657748282006e-05,0.009615434336670396,0.9615434336670395,-9.288771456282042
2026-03-06,9.581982915867867e-05,0.009788760348413821,0.9788760348413821,-9.253040909450997
2026-03-09,0.00012331087835244585,0.01110454314019473,1.1104543140194731,-9.000801924982998
2026-03-10,6.926346795758146e-05,0.008322467660350592,0.8322467660350592,-9.57759294866425
2026-03-11,6.020945008667337e-05,0.007759474858949758,0.7759474858949759,-9.717681239785342
2026-03-12,7.43090750352729e-05,0.008620271169474478,0.8620271169474478,-9.50727747325128
2026-03-13,6.695044338237124e-05,0.00818232505968635,0.8182325059686351,-9.611557863259458
2026-03-16,4.3121435009670297e-05,0.006566691328947196,0.6566691328947196,-10.051490352472237
2026-03-17,2.6887894075709022e-05,0.005185353804294267,0.5185353804294267,-10.523834407012595
2026-03-18,4.484090307027391e-05,0.0066963350476416505,0.669633504764165,-10.012389820126502
2026-03-19,7.774405912437013e-05,0.008817259161687952,0.8817259161687953,-9.462088419800269
2026-03-20,7.835534488221424e-05,0.008851855448560727,0.8851855448560727,-9.454256373464556
2026-03-23,9.754782545877357e-05,0.009876630268404987,0.9876630268404987,-9.235167782698985
2026-03-24,8.298313712363791e-05,0.00910950806156062,0.910950806156062,-9.39687313799401
2026-03-25,5.785340800500926e-05,0.0076061427810033425,0.7606142781003342,-9.757598194996524
2026-03-26,4.785819336985584e-05,0.006917961648481136,0.6917961648481136,-9.947268224423528
2026-03-27,6.630992377469116e-05,0.008143090554248502,0.8143090554248502,-9.621170992113775
2026-03-30,6.320752555043998e-05,0.007950316066071838,0.7950316066071837,-9.669087188735158
2026-03-31,0.00012647572286046753,0.011246142576922432,1.1246142576922433,-8.975460182361077
2026-04-01,3.6438318323878866e-05,0.006036416016468618,0.6036416016468619,-10.219889635817475
2026-04-02,0.00011432425612029796,0.010692252153793323,1.0692252153793322,-9.076471795152035
2026-04-06,4.5447023116443744e-05,0.006741440730025278,0.6741440730025278,-9.998963237473909
2026-04-07,8.045821816445554e-05,0.008969850509593542,0.8969850509593542,-9.427772537294915
2026-04-08,3.9684205217085006e-05,0.006299540079806224,0.6299540079806224,-10.13455730290975
2026-04-09,3.264658641779357e-05,0.005713719140611793,0.5713719140611793,-10.32977025846435
2026-04-10,1.3143103201723337e-05,0.003625341804812801,0.3625341804812801,-11.239613408275545
2026-04-13,2.6450664732434647e-05,0.005143020973361342,0.5143020973361342,-10.540229268314715
2026-04-14,1.6764008006993107e-05,0.004094387378716516,0.40943873787165164,-10.996276350271337
2026-04-15,2.3800838187255842e-05,0.004878610272122158,0.48786102721221586,-10.645789759955056
2026-04-16,2.640820284068722e-05,0.005138891207321597,0.5138891207321596,-10.541835882411101
2026-04-17,2.157056104190437e-05,0.004644411807958503,0.46444118079585034,-10.744181087613832
2026-04-20,1.579224340888227e-05,0.003973945571957707,0.3973945571957707,-11.055991661962207
2026-04-21,5.912452502943928e-05,0.007689247364302912,0.7689247364302912,-9.735864744513167
2026-04-22,1.3606161859529264e-05,0.0036886531226898067,0.36886531226898067,-11.204987789924507
2026-04-23,5.5001644159386494e-05,0.007416309335470474,0.7416309335470473,-9.808147479371588
2026-04-24,1.816223455963955e-05,0.004261717325168288,0.4261717325168288,-10.916166143922664
2026-04-27,1.2226652610455918e-05,0.003496663067905731,0.3496663067905731,-11.311892348880338
2026-04-28,1.4100810173484792e-05,0.0037551045489419856,0.37551045489419854,-11.169278303118466
2026-04-29,2.5786551163781444e-05,0.005078045998588575,0.5078045998588575,-10.56565747466821
2026-04-30,2.9620889162194412e-05,0.005442507617100266,0.5442507617100266,-10.427030730594952
2026-05-01,2.316056333928576e-05,0.004812542294804874,0.48125422948048735,-10.673059581751941
2026-05-04,3.251891709509949e-05,0.005702536023130366,0.5702536023130366,-10.333688573497797
2026-05-05,9.951757130665734e-06,0.0031546405707569497,0.31546405707569497,-11.517761426338211
2026-05-06,1.2867662656108045e-05,0.00358715244394604,0.358715244394604,-11.260793164651675
2026-05-07,3.161991874870173e-05,0.0056231591431064555,0.5623159143106455,-10.361723295803525
2026-05-08,1.0802554143924916e-05,0.0032867239226812032,0.32867239226812034,-11.435727956986726
2026-05-11,1.788472845211487e-05,0.00422903398568927,0.422903398568927,-10.93156336836465
2026-05-12,2.5625816722835865e-05,0.0050621948523181,0.5062194852318099,-10.571910248902938
2026-05-13,1.885297630165143e-05,0.004342001416587912,0.43420014165879117,-10.878839762547384
2026-05-14,1.93413697110047e-05,0.004397882412139358,0.4397882412139358,-10.853264247747623
2026-05-15,4.580646042703968e-05,0.006768047017200729,0.6768047017200729,-9.991085419432844
2026-05-18,8.058140821466176e-05,0.008976714778506764,0.8976714778506765,-9.426242602371376
2026-05-19,5.0664187655404224e-05,0.007117878030382666,0.7117878030382666,-9.890291254836978
2026-05-20,3.675474507708144e-05,0.006062569181220239,0.6062569181220239,-10.211243222896695
2026-05-21,5.436693210432976e-05,0.007373393527021988,0.7373393527021989,-9.819754454656884
2026-05-22,2.1005607939044178e-05,0.004583187530425106,0.4583187530425106,-10.770721111174556
2026-05-26,1.321748776380113e-05,0.003635586302620408,0.3635586302620408,-11.233969774594668
2026-05-27,2.086339497825678e-05,0.004567646546992967,0.4567646546992967,-10.777514370998583
2026-05-28,1.999734481562669e-05,0.004471839086508669,0.44718390865086693,-10.819911052442233
2026-05-29,1.7622949012525365e-05,0.004197969629776443,0.4197969629776443,-10.9463085841209
2026-06-01,1.5014913286549716e-05,0.003874908164918198,0.38749081649181977,-11.106466631667221
2026-06-02,7.430201247888177e-06,0.0027258395491826324,0.27258395491826326,-11.80995761374837
2026-06-03,2.0742799414586986e-05,0.004554426354063373,0.4554426354063373,-10.783311387676092
2026-06-04,1.3124316816480002e-05,0.00362274989703678,0.362274989703678,-11.241043802919057
2026-06-05,6.565185550509552e-05,0.008102583261225737,0.8102583261225738,-9.631144694018602
2026-06-08,6.184615151322829e-05,0.007864232417294665,0.7864232417294664,-9.690860683968278
2026-06-09,0.00025473292955018625,0.015960354931836142,1.5960354931836143,-8.275294896741805
2026-06-10,0.00012220564409507422,0.01105466616841387,1.1054666168413871,-9.009805324935982
2026-06-11,0.00020969297741016578,0.014480779585718643,1.4480779585718644,-8.469866109362197
2026-06-12,0.00013698825487017032,0.011704198172885245,1.1704198172885245,-8.89561536668592
2026-06-15,1.3379783382390632e-05,0.0036578386216986982,0.3657838621698698,-11.221765693052149
2026-06-16,2.0018004382435645e-05,0.004474148453330046,0.44741484533300463,-10.818878470242721
2026-06-17,0.0001533729672042453,0.01238438400584564,1.238438400584564,-8.782637908783082
2026-06-18,3.636234327724503e-05,0.00603011967354256,0.603011967354256,-10.221976844162691
2026-06-22,4.7725798386500345e-05,0.006908386091302393,0.6908386091302393,-9.950038459597673
2026-06-23,4.061560864896227e-05,0.006373037631221258,0.6373037631221258,-10.111358115756525
2026-06-24,6.638856041217739e-05,0.008147917550649208,0.8147917550649207,-9.619985799273433
2026-06-25,0.00014376767067288026,0.011990315703636843,1.1990315703636842,-8.84731195942161
2026-06-26,8.730915949150967e-05,0.00934393704449627,0.934393704449627,-9.346055180902937
2026-06-29,6.064324375063469e-05,0.00778737720613524,0.778737720613524,-9.71050232613081
2026-06-30,2.0736190059180426e-05,0.004553700699341188,0.4553700699341188,-10.783630072173779
2026-07-01,2.701335858249446e-05,0.005197437693950208,0.5197437693950208,-10.519179051999853
2026-07-02,6.807752715811473e-05,0.008250910686591797,0.8250910686591797,-9.59486339694822
2026-07-06,1.029384651797645e-05,0.003208402486904729,0.3208402486904729,-11.48396426669755
2026-07-07,1.9596784809205203e-05,0.00442682559055642,0.442682559055642,-10.840145045530566
2026-07-08,2.808685934474732e-05,0.0052997037034863866,0.5299703703486387,-10.480208729978745
2026-07-09,1.8263526336723566e-05,0.004273584717391661,0.42735847173916613,-10.91060458333044
2026-07-10,1.6948490542836926e-05,0.004116854447613727,0.4116854447613727,-10.98533178162326
2026-07-13,2.601187515976582e-05,0.00510018383587943,0.510018383587943,-10.556957387301278
2026-07-14,2.391458088337125e-05,0.004890253662477157,0.4890253662477157,-10.641022206247083
2026-07-15,2.8647535588691976e-05,0.0053523392632279935,0.5352339263227993,-10.460443136349975
2026-07-16,2.768911211866927e-05,0.00526204448087141,0.526204448087141,-10.494471286348974
2026-07-17,4.719511589509797e-05,0.0068698701512545325,0.6869870151254532,-9.96122014752563
2026-07-20,3.5461331533628504e-05,0.005954941774159383,0.5954941774159384,-10.247067707723476
2026-07-21,1.2497922449602559e-05,0.003535240083728764,0.3535240083728764,-11.289948131501234
2026-07-22,1.0770519961558381e-05,0.003281847035064002,0.3281847035064002,-11.438697789265127
2026-07-23,5.5923290641688674e-05,0.007478187657560398,0.7478187657560398,-9.791529616246288
2026-07-24,5.451259615607889e-05,0.007383264600166981,0.7383264600166981,-9.817078760869792
2026-07-27,5.3549206228604484e-05,0.007317732314631663,0.7317732314631663,-9.834909584175625
2026-07-28,3.0624583201862756e-05,0.005533948247125442,0.5533948247125442,-10.39370749892709
2026-07-29,0.00010217224982413508,0.010108028978200205,1.0108028978200205,-9.188850445204688
2026-07-30,3.556795510626574e-05,0.0059638875833021646,0.5963887583302164,-10.244065462937739
2026-07-31,5.519475277328398e-05,0.007429317113522883,0.7429317113522883,-9.804642667654566
2026-08-03,1.4032776866399727e-05,0.0037460348191654235,0.37460348191654236,-11.17411475995593
2026-08-04,2.3384581056572623e-05,0.004835760649222894,0.4835760649222894,-10.66343368199618
2026-08-05,2.7548335551238333e-05,0.005248650831522167,0.5248650831522167,-10.499568439753482
2026-08-06,2.3108868599719124e-05,0.004807168459677601,0.4807168459677601,-10.675294092049983
2026-08-07,2.4113085412718613e-05,0.0049105076532593465,0.49105076532593467,-10.632755901635495
2026-08-10,1.118487668859425e-05,0.003344379866072969,0.3344379866072969,-11.400947987795135
2026-08-11,1.297866722791735e-05,0.0036025917376129855,0.36025917376129857,-11.252203530857138
2026-08-12,1.549940999592732e-05,0.0039369290057006765,0.39369290057006767,-11.074708599542438
2026-08-13,1.457250748877059e-05,0.0038173953801997756,0.38173953801997756,-11.136373853129388
2026-08-14,6.223351648564174e-06,0.0024946646364920827,0.24946646364920827,-11.987201946089375
2026-08-17,7.391835295633169e-06,0.0027187929850639916,0.27187929850639914,-11.815134505308032
2026-08-18,9.026209939470613e-06,0.0030043651474929963,0.3004365147492996,-11.615377997415978
2026-08-19,2.7991877609591075e-05,0.005290735072708808,0.5290735072708808,-10.483596175243717
2026-08-20,2.3411426749541273e-05,0.004838535599697627,0.4838535599697627,-10.662286332161344
2026-08-21,1.3911067707492426e-05,0.0037297543762950967,0.3729754376295097,-11.182825796707798
2026-08-24,1.491832876311928e-05,0.003862425243693304,0.3862425243693304,-11.112919982658365
2026-08-25,9.899096705161018e-06,0.0031462829982633503,0.314628299826335,-11.523067046889453
2026-08-26,1.4780847336980397e-05,0.0038445867576347393,0.3844586757634739,-11.122178314115908
2026-08-27,2.075126294287578e-05,0.004555355413453025,0.4555355413453025,-10.782903448422843
2026-08-28,2.9771890686784717e-05,0.005456362404274914,0.5456362404274914,-10.42194587515195
2026-08-31,1.3956171424899207e-05,0.0037357959560044506,0.37357959560044507,-11.179588751475059
2026-09-01,1.504069223525538e-05,0.0038782331331748713,0.38782331331748715,-11.10475121422148
2026-09-02,1.2989818217126328e-05,0.0036041390396495984,0.3604139039649598,-11.251344721442322
2026-09-03,1.9321820019477912e-05,0.004395659224675852,0.43956592246758525,-10.854275529710087
2026-09-04,9.400229772654779e-06,0.003065979414910475,0.30659794149104747,-11.574776425087618
2026-09-08,1.6223346811569494e-05,0.0040278215962936455,0.40278215962936453,-11.029059191994095
2026-09-09,2.0876995571786254e-05,0.004569135101065217,0.4569135101065217,-10.776862695543151
2026-09-10,1.9689560771929442e-05,0.004437292053936662,0.4437292053936662,-10.835421972726627
2026-09-11,1.896106939424321e-05,0.004354431006944904,0.4354431006944904,-10.87312266007801
2026-09-14,2.1830889962502452e-05,0.0046723537925228275,0.46723537925228276,-10.732184620367972
2026-09-15,1.4647159214563771e-05,0.0038271607249452918,0.38271607249452916,-11.131264151572909
2026-09-16,5.580582470736215e-05,0.007470329625080954,0.7470329625080955,-9.793632308588192
2026-09-17,1.5918231298776308e-05,0.0039897658200421125,0.39897658200421127,-11.04804548304312
2026-09-18,9.30697444685958e-06,0.0030507334276956384,0.3050733427695638,-11.584746498347409
2026-09-21,1.0049046877018827e-05,0.0031700231666375606,0.31700231666375606,-11.508032766064186
2026-09-22,1.014391982056345e-05,0.0031849520907799305,0.31849520907799306,-11.498636064424907
2026-09-23,2.335562631401289e-05,0.00483276590722258,0.48327659072225804,-10.66467264724227
2026-09-24,3.459720407288045e-05,0.005881938802204631,0.588193880220463,-10.271737686307851
2026-09-25,3.452128272514904e-05,0.005875481488792986,0.5875481488792986,-10.27393453354171
2026-09-28,3.978460484043885e-05,0.006307503851797385,0.6307503851797385,-10.13203053355965
2026-09-29,2.4167072492370038e-05,0.004916001677417334,0.4916001677417334,-10.630519492125027
2026-09-30,2.781711721654064e-05,0.0052741935133763,0.52741935133763,-10.489858999536215
