target_date,actual_rv,garch_rv_forecast,gjr_rv_forecast,egarch_rv_forecast
2026-05-15,4.580646042703966e-05,4.100551211939253e-05,3.074453895125065e-05,2.348238412976999e-05
2026-05-18,8.058140821466179e-05,3.9195756759556786e-05,3.59288535920539e-05,3.299255508820358e-05
2026-05-19,5.066418765540423e-05,3.565596069717435e-05,3.447739465538395e-05,3.3963409527546355e-05
2026-05-20,3.6754745077081366e-05,3.324710149627743e-05,3.3156980743032304e-05,3.356070378574935e-05
2026-05-21,5.436693210432981e-05,4.272328896172933e-05,3.182240426259678e-05,2.9888274784540048e-05
2026-05-22,2.1005607939044168e-05,4.277753268379488e-05,3.093868365976654e-05,2.7014294373324015e-05
2026-05-26,1.3217487763801126e-05,3.7168826658877954e-05,3.057539496292725e-05,2.689011800933422e-05
2026-05-27,2.086339497825676e-05,3.3537795058874125e-05,2.99500492516744e-05,2.4519977329258467e-05
2026-05-28,1.999734481562674e-05,3.142596764606016e-05,2.9628354538745165e-05,2.402089837442492e-05
2026-05-29,1.7622949012525372e-05,3.654248994888653e-05,2.9421876313324312e-05,2.2520819993123144e-05
2026-06-01,1.5014913286549738e-05,3.301828128199695e-05,2.908458509239634e-05,2.1077818677734987e-05
2026-06-02,7.43020124788817e-06,3.381060416350701e-05,2.8886827242104568e-05,1.9850172675579027e-05
2026-06-03,2.0742799414586982e-05,3.299326830663489e-05,2.867413275164029e-05,1.9088580064049576e-05
2026-06-04,1.312431681648003e-05,3.7389603471257446e-05,4.0377897148037605e-05,3.521393366236218e-05
2026-06-05,6.565185550509546e-05,4.171577590303661e-05,3.559599297987268e-05,3.062309949742083e-05
2026-06-08,6.184615151322829e-05,0.00012735281432621744,0.00020859673233285822,0.000205572449776929
2026-06-09,0.0002547329295501,9.25094245405162e-05,0.00014350499686136028,0.00015100228750082118
2026-06-10,0.000122205644095,8.390306896532977e-05,0.00012872301789577066,0.00014531391743397904
2026-06-11,0.0002096929774101,8.802129115378758e-05,0.00013750272314434525,0.00015623181970754194
2026-06-12,0.0001369882548701,9.435046883656047e-05,9.241518019102943e-05,0.00010250179979833992
2026-06-15,1.337978338239064e-05,6.69921650446326e-05,6.547447683652625e-05,7.15046248561687e-05
2026-06-16,2.001800438243568e-05,5.3458557720375954e-05,4.995492824941173e-05,5.378964449478257e-05
2026-06-17,0.0001533729672042,5.0284879382892875e-05,5.4289580220344916e-05,6.486620408586148e-05
2026-06-18,3.636234327724504e-05,8.385431672215947e-05,0.00012485045396362196,0.000128630191776344
2026-06-22,4.772579838650042e-05,6.171787347266244e-05,8.510560692194377e-05,9.23411407334484e-05
2026-06-23,4.061560864896232e-05,5.274306889607312e-05,6.990431508013504e-05,8.478425483354083e-05
2026-06-24,6.638856041217755e-05,4.2833507969229825e-05,5.295818608675974e-05,6.190639179176698e-05
2026-06-25,0.0001437676706728,3.885263701795295e-05,4.630266933768888e-05,5.773125594984472e-05
2026-06-26,8.73091594915097e-05,4.781178436189606e-05,6.369278070163919e-05,7.862197854404833e-05
2026-06-29,6.064324375063464e-05,3.993278470558296e-05,4.942304836222321e-05,5.7779805970287766e-05
2026-06-30,2.073619005918038e-05,4.230968776579471e-05,4.137143298904527e-05,4.621758101800932e-05
2026-07-01,2.701335858249448e-05,4.58954327525573e-05,3.67784209834911e-05,3.902574490699594e-05
2026-07-02,6.807752715811476e-05,3.8894591761390477e-05,3.4001362962002e-05,3.326659010851461e-05
2026-07-06,1.0293846517976457e-05,3.7520849082837385e-05,3.730967796290745e-05,4.056928262025994e-05
2026-07-07,1.9596784809205192e-05,3.600812132897142e-05,3.427489770656265e-05,3.466260148052911e-05
2026-07-08,2.808685934474736e-05,3.5645112228015084e-05,3.720430665178309e-05,4.133973724203922e-05
2026-07-09,1.826352633672356e-05,3.4166016404240485e-05,3.413249021564927e-05,3.50568385757822e-05
2026-07-10,1.694849054283692e-05,3.8203601748894264e-05,3.2405860519566884e-05,3.124166631377308e-05
2026-07-13,2.601187515976581e-05,3.675112549782239e-05,3.1321314485989734e-05,2.8222809663778936e-05
2026-07-14,2.3914580883371188e-05,3.7911071133387216e-05,3.893386594490383e-05,4.066900630698938e-05
2026-07-15,2.864753558869194e-05,3.408611221347923e-05,3.4978419134849626e-05,3.429507814982854e-05
2026-07-16,2.768911211866927e-05,3.156139595769356e-05,3.266440885154476e-05,2.9845637593454822e-05
2026-07-17,4.719511589509795e-05,3.1715402903696175e-05,3.413874416125633e-05,3.465211982815109e-05
2026-07-20,3.546133153362848e-05,3.0340575493265463e-05,3.208355414930838e-05,3.0119286785980974e-05
2026-07-21,1.2497922449602567e-05,3.92212146280904e-05,4.9009177028299624e-05,5.201395154871997e-05
2026-07-22,1.0770519961558378e-05,3.57956405913343e-05,4.069029622327145e-05,4.171101665480441e-05
2026-07-23,5.592329064168871e-05,3.252924436051462e-05,3.589673919952397e-05,3.4821542603652247e-05
2026-07-24,5.45125961560789e-05,3.099236012736614e-05,3.396192514171847e-05,3.4256431210166355e-05
2026-07-27,5.354920622860453e-05,2.938554450360068e-05,3.187867813197702e-05,2.9557684132159738e-05
2026-07-28,3.062458320186273e-05,4.2410430174684e-05,5.6007291790258514e-05,5.792467769364655e-05
2026-07-29,0.0001021722498241,3.706926387540343e-05,4.473725578926434e-05,4.530274267053212e-05
2026-07-30,3.556795510626564e-05,7.682964681584117e-05,0.00012046575169388065,0.00011741918861998632
2026-07-31,5.5194752773284e-05,6.883348385791032e-05,8.223368568808693e-05,8.07010783144333e-05
2026-08-03,1.4032776866399729e-05,5.368014719874922e-05,6.018511799294369e-05,5.937471839173911e-05
2026-08-04,2.3384581056572613e-05,6.742562268368264e-05,4.772072499362692e-05,4.8404869048986256e-05
2026-08-05,2.754833555123832e-05,9.115953313513019e-05,4.084746564004312e-05,4.349528680446229e-05
2026-08-06,2.3108868599719067e-05,7.913814290305563e-05,6.04838732602866e-05,6.808485093969061e-05
2026-08-07,2.4113085412718555e-05,5.941246066715963e-05,4.973528097587819e-05,5.887080085678308e-05
2026-08-10,1.1184876688594231e-05,4.7984250625540124e-05,4.1566677138566676e-05,4.658039265180536e-05
2026-08-11,1.2978667227917348e-05,3.969949193482905e-05,3.660426740616578e-05,3.8095896009953706e-05
2026-08-12,1.5499409995927317e-05,4.1155298033176556e-05,4.446265171843465e-05,5.084057843734869e-05
2026-08-13,1.4572507488770591e-05,3.753125890760226e-05,4.1290724362609146e-05,4.9902533181028724e-05
2026-08-14,6.223351648564168e-06,3.6276260726472757e-05,3.644655472987737e-05,4.103363138557709e-05
2026-08-17,7.391835295633172e-06,3.467817510397289e-05,3.6547933240503594e-05,4.310804833176913e-05
2026-08-18,9.026209939470608e-06,3.635200531213023e-05,4.120655053973807e-05,5.090087258482243e-05
2026-08-19,2.79918776095911e-05,3.3397543578470185e-05,3.726758851676711e-05,4.555227703742159e-05
2026-08-20,2.3411426749541283e-05,3.1604315467527465e-05,3.4885811009811786e-05,4.1873728270039696e-05
2026-08-21,1.3911067707492436e-05,3.3994975435430026e-05,3.940238798602283e-05,4.8822162747081275e-05
2026-08-24,1.4918328763119298e-05,3.12484819710526e-05,3.519488888648581e-05,3.998796414109604e-05
2026-08-25,9.899096705161031e-06,3.019577224905025e-05,3.358195461190689e-05,3.779861466683085e-05
2026-08-26,1.4780847336980396e-05,2.88523067568657e-05,3.159697944114319e-05,3.23139652958322e-05
2026-08-27,2.0751262942875757e-05,2.8457829762877584e-05,3.031278996448169e-05,2.83835299072275e-05
2026-08-28,2.9771890686784733e-05,2.98827681300462e-05,2.9506471329335026e-05,2.6254676604529965e-05
2026-08-31,1.3956171424899171e-05,3.0689778836915374e-05,3.253170764529405e-05,3.204072200807464e-05
2026-09-01,1.5040692235255367e-05,2.8930978125600937e-05,3.079089205839708e-05,2.8336984197782477e-05
2026-09-02,1.2989818217126325e-05,2.7792740590182195e-05,2.966845868419097e-05,2.549481771934899e-05
2026-09-03,1.932182001947789e-05,2.9522007647926464e-05,2.8933201218296097e-05,2.4208558858202966e-05
2026-09-04,9.40022977265478e-06,3.7519991245077384e-05,2.8607545486245823e-05,2.473398485013212e-05
2026-09-08,1.622334681156949e-05,3.410928229730304e-05,3.013318375595712e-05,2.8054297821288772e-05
2026-09-09,2.087699557178626e-05,3.4532954130006625e-05,3.530608720108932e-05,3.655965756145358e-05
2026-09-10,1.9689560771929425e-05,3.2223733316142455e-05,3.4087524525358315e-05,3.668391990722572e-05
2026-09-11,1.89610693942432e-05,2.960781016077221e-05,3.150814342371426e-05,3.073529497100174e-05
2026-09-14,2.1830889962502472e-05,2.8057917196868086e-05,2.99864830755256e-05,2.7637418278594778e-05
2026-09-15,1.464715921456378e-05,2.800982621785126e-05,2.8877017618691843e-05,2.5179065851419817e-05
2026-09-16,5.580582470736213e-05,2.979102226873603e-05,3.28696186304501e-05,3.208451346222743e-05
2026-09-17,1.5918231298776308e-05,3.911054834589322e-05,4.981364219798578e-05,5.252073171606126e-05
2026-09-18,9.306974446859588e-06,3.3718846185129966e-05,4.107660147689483e-05,4.20876658323055e-05
2026-09-21,1.0049046877018827e-05,3.0355403684307624e-05,3.564701393029958e-05,3.424716847662343e-05
2026-09-22,1.0143919820563449e-05,4.692813145897889e-05,3.2757172702678945e-05,3.372606528860869e-05
2026-09-23,2.3355626314012893e-05,3.861039574454013e-05,3.075240260706994e-05,3.0286051758305433e-05
2026-09-24,3.459720407288048e-05,4.2586541937323815e-05,4.516281876282847e-05,4.7917925424830065e-05
2026-09-25,3.4521282725149035e-05,3.9307126624045106e-05,3.830918174831772e-05,4.0124690988749276e-05
2026-09-28,3.978460484043883e-05,3.592820203386125e-05,3.405595334335804e-05,3.4473100264003893e-05
2026-09-29,2.4167072492369987e-05,3.46410885824577e-05,3.608067404840912e-05,3.9467447020624794e-05
2026-09-30,2.781711721654065e-05,3.342537288667048e-05,3.6622555176199476e-05,4.2231692353925326e-05
