target_date,target,predicted_log_rv,actual_rv,har_rv_forecast,naive_rv_forecast
2026-05-15,-9.991085419432844,-10.784738999185247,4.580646042703966e-05,2.0713207883041926e-05,1.9341369711004663e-05
2026-05-18,-9.426242602371376,-10.271537189954726,8.058140821466179e-05,3.460414138155472e-05,4.580646042703966e-05
2026-05-19,-9.890291254836978,-9.905758949341323,5.066418765540423e-05,4.988655904322613e-05,8.058140821466179e-05
2026-05-20,-10.211243222896696,-10.107828760515604,3.6754745077081366e-05,4.0759208819156195e-05,5.066418765540423e-05
2026-05-21,-9.819754454656884,-10.23714303547714,5.4366932104329804e-05,3.5815025873507386e-05,3.6754745077081366e-05
2026-05-22,-10.770721111174556,-9.988513188028657,2.1005607939044168e-05,4.592443690942318e-05,5.4366932104329804e-05
2026-05-26,-11.233969774594668,-10.510710850667246,1.3217487763801126e-05,2.7243084451284876e-05,2.1005607939044168e-05
2026-05-27,-10.777514370998585,-10.84001671332175,2.0863394978256756e-05,1.959929986926359e-05,1.3217487763801126e-05
2026-05-28,-10.819911052442231,-10.6462820189813,1.999734481562674e-05,2.3789124893049945e-05,2.0863394978256756e-05
2026-05-29,-10.9463085841209,-10.693830278548981,1.7622949012525372e-05,2.268446387583643e-05,1.999734481562674e-05
2026-06-01,-11.10646663166722,-10.809992917553487,1.5014913286549738e-05,2.019666800211069e-05,1.7622949012525372e-05
2026-06-02,-11.80995761374837,-10.910628985123122,7.43020124788817e-06,1.8263080679377683e-05,1.5014913286549738e-05
2026-06-03,-10.783311387676092,-11.30570825661432,2.0742799414586986e-05,1.2302497632900289e-05,7.43020124788817e-06
2026-06-04,-11.241043802919055,-10.779542572159807,1.312431681648003e-05,2.0821122699168523e-05,2.0742799414586986e-05
2026-06-05,-9.631144694018602,-11.038801024992694,6.565185550509546e-05,1.6066069007152076e-05,1.312431681648003e-05
2026-06-08,-9.690860683968278,-10.141430557021883,6.184615151322829e-05,3.941238081958685e-05,6.565185550509546e-05
2026-06-09,-8.275294896741805,-10.09808175835547,0.0002547329295501863,4.115843136643562e-05,6.184615151322829e-05
2026-06-10,-9.009805324935982,-9.19613461096742,0.0001222056440950743,0.0001014307142329105,0.0002547329295501863
2026-06-11,-8.469866109362197,-9.478092890352796,0.00020969297741016578,7.650971051484171e-05,0.0001222056440950743
2026-06-12,-8.89561536668592,-9.059222645422505,0.0001369882548701703,0.00011631335817299316,0.00020969297741016578
2026-06-15,-11.221765693052149,-9.234870970410235,1.337978338239064e-05,9.757678314939724e-05,0.0001369882548701703
2026-06-16,-10.81887847024272,-10.50197211652919,2.0018004382435682e-05,2.7482197775625476e-05,1.337978338239064e-05
2026-06-17,-8.782637908783082,-10.413365047028725,0.00015337296720424536,3.0028457366701218e-05,2.0018004382435682e-05
2026-06-18,-10.221976844162691,-9.351286000992696,3.636234327724504e-05,8.685365335994319e-05,0.00015337296720424536
2026-06-22,-9.950038459597671,-10.175799272548323,4.772579838650042e-05,3.808084064404409e-05,3.636234327724504e-05
2026-06-23,-10.111358115756524,-10.085589868472535,4.0615608648962315e-05,4.167580270385752e-05,4.772579838650042e-05
2026-06-24,-9.619985799273431,-10.116202488315423,6.638856041217755e-05,4.041932732275533e-05,4.0615608648962315e-05
2026-06-25,-8.84731195942161,-9.807135759174965,0.00014376767067288037,5.505731859235515e-05,6.638856041217755e-05
2026-06-26,-9.346055180902937,-9.403566218006588,8.73091594915097e-05,8.242957891834658e-05,0.00014376767067288037
2026-06-29,-9.71050232613081,-9.609055999873132,6.0643243750634635e-05,6.711815395235574e-05,8.73091594915097e-05
2026-06-30,-10.78363007217378,-9.779471152440935,2.073619005918038e-05,5.660172181597276e-05,6.0643243750634635e-05
2026-07-01,-10.519179051999853,-10.361438296707531,2.701335858249448e-05,3.162893168123834e-05,2.073619005918038e-05
2026-07-02,-9.59486339694822,-10.26533023255302,6.807752715811476e-05,3.481959577944589e-05,2.701335858249448e-05
2026-07-06,-11.48396426669755,-9.817830608006982,1.0293846517976457e-05,5.447162642013743e-05,6.807752715811476e-05
2026-07-07,-10.840145045530566,-10.885374920275813,1.9596784809205192e-05,1.8730170841463184e-05,1.0293846517976457e-05
2026-07-08,-10.480208729978743,-10.607754740884802,2.8086859344747358e-05,2.472353977400667e-05,1.9596784809205192e-05
2026-07-09,-10.91060458333044,-10.404933819181942,1.8263526336723562e-05,3.028270443401719e-05,2.8086859344747358e-05
2026-07-10,-10.98533178162326,-10.650701005416531,1.694849054283692e-05,2.3684233001453725e-05,1.8263526336723562e-05
2026-07-13,-10.556957387301278,-10.760468931495767,2.6011875159765812e-05,2.1222068908308948e-05,1.694849054283692e-05
2026-07-14,-10.641022206247085,-10.50922517837821,2.3914580883371188e-05,2.728358882758656e-05,2.6011875159765812e-05
2026-07-15,-10.460443136349976,-10.551544585775607,2.864753558869194e-05,2.6153054019196036e-05,2.3914580883371188e-05
2026-07-16,-10.494471286348974,-10.468220798954952,2.768911211866927e-05,2.842558895427098e-05,2.864753558869194e-05
2026-07-17,-9.96122014752563,-10.474587570688351,4.719511589509795e-05,2.8245184624009103e-05,2.768911211866927e-05
2026-07-20,-10.247067707723476,-10.146673209902653,3.546133153362848e-05,3.920629607516128e-05,4.719511589509795e-05
2026-07-21,-11.289948131501234,-10.276027093549787,1.2497922449602569e-05,3.444912039782303e-05,3.546133153362848e-05
2026-07-22,-11.438697789265127,-10.854532571720114,1.0770519961558378e-05,1.931685413827012e-05,1.2497922449602569e-05
2026-07-23,-9.791529616246288,-10.9827109439369,5.592329064168871e-05,1.699296804427563e-05,1.0770519961558378e-05
2026-07-24,-9.817078760869792,-10.103638572285087,5.45125961560789e-05,4.093035589505494e-05,5.592329064168871e-05
2026-07-27,-9.834909584175625,-10.108523425538442,5.354920622860453e-05,4.073090465452577e-05,5.45125961560789e-05
2026-07-28,-10.39370749892709,-10.099605034041787,3.0624583201862735e-05,4.1095783455781586e-05,5.354920622860453e-05
2026-07-29,-9.188850445204688,-10.35273400489665,0.00010217224982413513,3.190544079446299e-05,3.0624583201862735e-05
2026-07-30,-10.24406546293774,-9.628722505490387,3.556795510626564e-05,6.581106942157463e-05,0.00010217224982413513
2026-07-31,-9.804642667654566,-10.194213964826492,5.5194752773284e-05,3.738601085493853e-05,3.556795510626564e-05
2026-08-03,-11.17411475995593,-9.963005568038461,1.4032776866399729e-05,4.711092794488401e-05,5.5194752773284e-05
2026-08-04,-10.66343368199618,-10.731708784778046,2.3384581056572613e-05,2.1841280348768126e-05,1.4032776866399729e-05
2026-08-05,-10.499568439753482,-10.487640925854079,2.754833555123832e-05,2.7878886110806472e-05,2.3384581056572613e-05
2026-08-06,-10.675294092049985,-10.459438161917062,2.3108868599719067e-05,2.8676340100999485e-05,2.754833555123832e-05
2026-08-07,-10.632755901635496,-10.568860862956397,2.4113085412718555e-05,2.570407899350818e-05,2.3108868599719067e-05
2026-08-10,-11.400947987795137,-10.586355730446838,1.1184876688594233e-05,2.5258300326817632e-05,2.4113085412718555e-05
2026-08-11,-11.252203530857138,-10.993782335713222,1.2978667227917348e-05,1.6805869867360725e-05,1.1184876688594233e-05
2026-08-12,-11.074708599542438,-10.946210197660227,1.5499409995927317e-05,1.762468295740228e-05,1.2978667227917348e-05
2026-08-13,-11.136373853129388,-10.884542478173703,1.4572507488770591e-05,1.874576911568068e-05,1.5499409995927317e-05
2026-08-14,-11.987201946089376,-10.940217785196248,6.223351648564168e-06,1.7730614402695544e-05,1.4572507488770591e-05
2026-08-17,-11.815134505308032,-11.447903990441368,7.391835295633172e-06,1.067181941367525e-05,6.223351648564168e-06
2026-08-18,-11.615377997415978,-11.385682699443647,9.026209939470608e-06,1.1356926913523635e-05,7.391835295633172e-06
2026-08-19,-10.483596175243717,-11.308597985683948,2.79918776095911e-05,1.2266998064632025e-05,9.026209939470608e-06
2026-08-20,-10.662286332161344,-10.701334820959353,2.3411426749541283e-05,2.251486453331249e-05,2.79918776095911e-05
2026-08-21,-11.182825796707798,-10.767750990436042,1.3911067707492437e-05,2.1068089874322254e-05,2.3411426749541283e-05
2026-08-24,-11.112919982658363,-10.996197763752937,1.4918328763119298e-05,1.676532548378409e-05,1.3911067707492437e-05
2026-08-25,-11.523067046889452,-10.93446292938449,9.899096705161031e-06,1.7832945700548753e-05,1.4918328763119298e-05
2026-08-26,-11.122178314115908,-11.149527116842473,1.4780847336980397e-05,1.4382086528721939e-05,9.899096705161031e-06
2026-08-27,-10.782903448422845,-10.980116785009958,2.0751262942875754e-05,1.7037107731951564e-05,1.4780847336980397e-05
2026-08-28,-10.42194587515195,-10.813583849152614,2.9771890686784733e-05,2.0124273208952954e-05,2.0751262942875754e-05
2026-08-31,-11.17958875147506,-10.599257255421623,1.3956171424899171e-05,2.493452283704935e-05,2.9771890686784733e-05
2026-09-01,-11.10475121422148,-10.996116082382478,1.5040692235255369e-05,1.676669495447515e-05,1.3956171424899171e-05
2026-09-02,-11.251344721442322,-10.944952864913068,1.2989818217126325e-05,1.764685698558758e-05,1.5040692235255369e-05
2026-09-03,-10.854275529710089,-11.026614311728242,1.932182001947789e-05,1.6263059478611506e-05,1.2989818217126325e-05
2026-09-04,-11.574776425087618,-10.827096408643559,9.40022977265478e-06,1.9854171760738296e-05,1.932182001947789e-05
2026-09-08,-11.029059191994095,-11.256163742188486,1.622334681156949e-05,1.2927370602675391e-05,9.40022977265478e-06
2026-09-09,-10.776862695543151,-10.970855367167927,2.087699557178626e-05,1.719562843563749e-05,1.622334681156949e-05
2026-09-10,-10.835421972726628,-10.826880501573369,1.9689560771929422e-05,1.9858458879587196e-05,2.087699557178626e-05
2026-09-11,-10.87312266007801,-10.834658594564281,1.8961069394243197e-05,1.9704597091117573e-05,1.9689560771929422e-05
2026-09-14,-10.732184620367972,-10.852928527802273,2.1830889962502472e-05,1.9347864084671446e-05,1.8961069394243197e-05
2026-09-15,-11.131264151572909,-10.739594158393317,1.464715921456378e-05,2.166973094744197e-05,2.1830889962502472e-05
2026-09-16,-9.793632308588192,-10.949182996215054,5.580582470736213e-05,1.757236612760453e-05,1.464715921456378e-05
2026-09-17,-11.04804548304312,-10.20543653135366,1.5918231298776308e-05,3.6968789387708516e-05,5.580582470736213e-05
2026-09-18,-11.584746498347409,-10.855290774302532,9.306974446859588e-06,1.930221360052643e-05,1.5918231298776308e-05
2026-09-21,-11.508032766064186,-11.16375615641836,1.0049046877018827e-05,1.4178892307933372e-05,9.306974446859588e-06
2026-09-22,-11.498636064424907,-11.16578337742294,1.0143919820563449e-05,1.4150177674912516e-05,1.0049046877018827e-05
2026-09-23,-10.66467264724227,-11.182382417953372,2.3355626314012893e-05,1.39172369469191e-05,1.0143919820563449e-05
2026-09-24,-10.271737686307851,-10.792147150062107,3.4597204072880476e-05,2.0560328290621528e-05,2.3355626314012893e-05
2026-09-25,-10.27393453354171,-10.549962553747909,3.4521282725149035e-05,2.6194461733805535e-05,3.4597204072880476e-05
2026-09-28,-10.13203053355965,-10.483623642841355,3.978460484043883e-05,2.7991108750519183e-05,3.4521282725149035e-05
2026-09-29,-10.630519492125028,-10.341618824028174,2.4167072492369987e-05,3.2262053776943636e-05,3.978460484043883e-05
2026-09-30,-10.489858999536215,-10.556314943537053,2.781711721654065e-05,2.6028591695900232e-05,2.4167072492369987e-05
