target_date,target,actual_rv,elastic_net_prediction,elastic_rv_forecast,rf_prediction,rf_rv_forecast,xgb_prediction,xgb_rv_forecast
2026-05-15,-9.991085419432844,4.580646042703966e-05,-10.781042660097631,2.078991259895556e-05,-10.744813850676556,2.155691630503284e-05,-10.840719,1.9585535e-05
2026-05-18,-9.426242602371376,8.058140821466179e-05,-10.380639799525376,3.102740227647849e-05,-10.529298335722954,2.6741381171844407e-05,-10.436417,2.9344172e-05
2026-05-19,-9.890291254836978,5.066418765540423e-05,-10.248208927931314,3.54208854288312e-05,-10.339653418362355,3.232552415231428e-05,-10.262507,3.4918023e-05
2026-05-20,-10.211243222896696,3.6754745077081366e-05,-10.320023753498731,3.296633220521103e-05,-10.421558800373964,2.9783416865365153e-05,-10.404468,3.029683e-05
2026-05-21,-9.819754454656884,5.4366932104329804e-05,-10.490507082627511,2.77990952537195e-05,-10.553468263233905,2.6102792337844988e-05,-10.656288,2.3552275e-05
2026-05-22,-10.770721111174556,2.1005607939044168e-05,-10.400735316908568,3.0410113714345837e-05,-10.425518975780268,2.9665702548892425e-05,-10.5649395,2.5805071e-05
2026-05-26,-11.233969774594668,1.3217487763801126e-05,-10.498835192871702,2.7568542689884812e-05,-10.594100653624297,2.5063432324125088e-05,-10.624122,2.4322186e-05
2026-05-27,-10.777514370998585,2.0863394978256756e-05,-10.80291539657732,2.0340117377730093e-05,-10.91751637303749,1.8137727930252286e-05,-10.92359,1.8027906e-05
2026-05-28,-10.819911052442231,1.999734481562674e-05,-10.626353409907136,2.4267964519653883e-05,-10.742481473536376,2.160725384407853e-05,-10.662288,2.3411394e-05
2026-05-29,-10.9463085841209,1.7622949012525372e-05,-10.76239163577284,2.118130434730668e-05,-10.745191098277328,2.1548785543828225e-05,-10.829941,1.9797779e-05
2026-06-01,-11.10646663166722,1.5014913286549738e-05,-10.864673241042649,1.9121958166050333e-05,-10.885333224253417,1.8730951831368052e-05,-10.961649,1.7354669e-05
2026-06-02,-11.80995761374837,7.43020124788817e-06,-10.864695468568884,1.912153313694721e-05,-10.79950209039585,2.0409663048920975e-05,-10.886238,1.871401e-05
2026-06-03,-10.783311387676092,2.0742799414586986e-05,-11.052510624817025,1.5847312588114626e-05,-11.189273743164028,1.382165845058929e-05,-11.2223215,1.3372348e-05
2026-06-04,-11.241043802919055,1.312431681648003e-05,-10.584040326224292,2.5316851260430052e-05,-10.691521844576075,2.273688995068975e-05,-10.633445,2.409648e-05
2026-06-05,-9.631144694018602,6.565185550509546e-05,-10.868918815757688,1.9040946556065507e-05,-10.809950819600731,2.0197518258382966e-05,-10.930331,1.7906777e-05
2026-06-08,-9.690860683968278,6.184615151322829e-05,-9.795001955316632,5.5729442762205054e-05,-9.876082245330114,5.13892143366726e-05,-9.679551,6.2549574e-05
2026-06-09,-8.275294896741805,0.0002547329295501863,-10.191970331790044,3.746998551292553e-05,-10.02610663138101,4.423002807292386e-05,-10.000151,4.5393088e-05
2026-06-10,-9.009805324935982,0.0001222056440950743,-9.409781558639366,8.191883985993648e-05,-9.34253554462264,8.761699739780279e-05,-9.426283,8.057816e-05
2026-06-11,-8.469866109362197,0.00020969297741016578,-9.591762926093235,6.828892709727549e-05,-9.5006652527766,7.48020510596219e-05,-9.4456415,7.903328e-05
2026-06-12,-8.89561536668592,0.0001369882548701703,-9.615109931936319,6.671305267318227e-05,-9.041788254056854,0.0001183589911480932,-9.120624,0.00010938644
2026-06-15,-11.221765693052149,1.337978338239064e-05,-9.8691513611572,5.1746624181350075e-05,-9.393372354405175,8.327415222145879e-05,-9.52353,7.311112e-05
2026-06-16,-10.81887847024272,2.0018004382435682e-05,-10.359024051822182,3.1705383917855456e-05,-9.95003855872374,4.772579365562986e-05,-10.011134,4.4897242e-05
2026-06-17,-8.782637908783082,0.00015337296720424536,-10.185761653207013,3.770334829711369e-05,-9.971158006868786,4.672842029022646e-05,-9.97061,4.675405e-05
2026-06-18,-10.221976844162691,3.636234327724504e-05,-9.560225480503172,7.047690570224914e-05,-9.493254174049579,7.535847425025234e-05,-9.275956,9.364906e-05
2026-06-22,-9.950038459597671,4.772579838650042e-05,-10.241093521479824,3.567381821818577e-05,-10.40927397470719,3.0151557591761578e-05,-10.3770895,3.1137755e-05
2026-06-23,-10.111358115756524,4.0615608648962315e-05,-10.175117968686225,3.810679410794051e-05,-10.339727416081294,3.2323132225763144e-05,-10.281921,3.4246663e-05
2026-06-24,-9.619985799273431,6.638856041217755e-05,-10.212784374221728,3.669814407955874e-05,-10.344347839113597,3.217413017248884e-05,-10.233136,3.595882e-05
2026-06-25,-8.84731195942161,0.00014376767067288037,-10.045134241063757,4.339639255940137e-05,-9.924480290479163,4.8961303786959104e-05,-9.956888,4.7400004e-05
2026-06-26,-9.346055180902937,8.73091594915097e-05,-9.845517956574117,5.298413882925494e-05,-10.13463981119098,3.968093107659431e-05,-10.047252,4.3304597e-05
2026-06-29,-9.71050232613081,6.0643243750634635e-05,-9.95129799434151,4.7665723926132146e-05,-9.683466602603533,6.230514180421744e-05,-9.600499,6.7694935e-05
2026-06-30,-10.78363007217378,2.073619005918038e-05,-10.146600809226793,3.920913474025448e-05,-9.88738525099755,5.081163211256936e-05,-9.956481,4.741931e-05
2026-07-01,-10.519179051999853,2.701335858249448e-05,-10.358874715404646,3.171011903986063e-05,-10.161348202891748,3.8635145023968615e-05,-10.237978,3.5785135e-05
2026-07-02,-9.59486339694822,6.807752715811476e-05,-10.369252396010816,3.138274319156798e-05,-10.054518421045003,4.299105784262717e-05,-10.082454,4.1806707e-05
2026-07-06,-11.48396426669755,1.0293846517976457e-05,-9.964302272929288,4.704987856427597e-05,-9.772479608370265,5.699884187205476e-05,-9.733746,5.9249953e-05
2026-07-07,-10.840145045530566,1.9596784809205192e-05,-10.649877151780926,2.3703753382782964e-05,-10.723633014847596,2.2018379647943713e-05,-10.758794,2.1257649e-05
2026-07-08,-10.480208729978743,2.8086859344747358e-05,-10.397018824717673,3.05233429419297e-05,-10.558525817166021,2.597110933545231e-05,-10.512198,2.720259e-05
2026-07-09,-10.91060458333044,1.8263526336723562e-05,-10.529701749050092,2.673059551797813e-05,-10.5855229268994,2.527934429045956e-05,-10.582573,2.5354027e-05
2026-07-10,-10.98533178162326,1.694849054283692e-05,-10.615556939539646,2.453139236609835e-05,-10.66224183022197,2.3412468626617765e-05,-10.737984,2.1704656e-05
2026-07-13,-10.556957387301278,2.6011875159765812e-05,-10.668249173480593,2.3272243502976968e-05,-10.697400034364135,2.2603630243007075e-05,-10.748723,2.147281e-05
2026-07-14,-10.641022206247085,2.3914580883371188e-05,-10.383751197871469,3.0931013697744e-05,-10.548980235639352,2.6220205670207878e-05,-10.418223,2.9882924e-05
2026-07-15,-10.460443136349976,2.864753558869194e-05,-10.668549505750788,2.3265255146720173e-05,-10.791936362621914,2.0564662606385035e-05,-10.7640915,2.114533e-05
2026-07-16,-10.494471286348974,2.768911211866927e-05,-10.638190760655236,2.3982389671138525e-05,-10.686588707659,2.2849331258037718e-05,-10.632136,2.4128029e-05
2026-07-17,-9.96122014752563,4.719511589509795e-05,-10.436007001956826,2.9356193789125526e-05,-10.546305281790199,2.62904374017334e-05,-10.422249,2.9762874e-05
2026-07-20,-10.247067707723476,3.546133153362848e-05,-10.48833563825084,2.7859525028987854e-05,-10.542137873657742,2.640022899866569e-05,-10.544689,2.633296e-05
2026-07-21,-11.289948131501234,1.2497922449602569e-05,-10.267202030805219,3.47544814803506e-05,-10.473820660466341,2.8266854453164473e-05,-10.37329,3.1256288e-05
2026-07-22,-11.438697789265127,1.0770519961558378e-05,-10.786723741702257,2.067213826847967e-05,-10.899557539932125,1.846640283430634e-05,-10.859931,1.9212855e-05
2026-07-23,-9.791529616246288,5.592329064168871e-05,-10.866884919365667,1.907971327895149e-05,-11.10749055792518,1.4999546990893972e-05,-11.108115,1.499018e-05
2026-07-24,-9.817078760869792,5.45125961560789e-05,-10.314297060502948,3.31556618679519e-05,-10.432677531326283,2.9454097267106864e-05,-10.368545,3.1404965e-05
2026-07-27,-9.834909584175625,5.354920622860453e-05,-10.513993952415314,2.7153789295848118e-05,-10.511733711979891,2.7215232800778735e-05,-10.440248,2.9231971e-05
2026-07-28,-10.39370749892709,3.0624583201862735e-05,-10.179829259224226,3.792768418017758e-05,-10.35824118177799,3.173021483158542e-05,-10.2551365,3.5176352e-05
2026-07-29,-9.188850445204688,0.00010217224982413513,-10.559677770727058,2.5941209048746607e-05,-10.583418667393074,2.533259459758e-05,-10.667686,2.3285344e-05
2026-07-30,-10.24406546293774,3.556795510626564e-05,-9.725052344049066,5.976727162626865e-05,-9.733348145293675,5.927350514597607e-05,-9.578046,6.923211e-05
2026-07-31,-9.804642667654566,5.5194752773284e-05,-10.35710541343068,3.176627347850314e-05,-10.216493836702973,3.656226586434323e-05,-10.299488,3.3650318e-05
2026-08-03,-11.17411475995593,1.4032776866399729e-05,-10.217960551173265,3.6508678768024755e-05,-9.781169529174909,5.650567235570976e-05,-9.920106,4.917595e-05
2026-08-04,-10.66343368199618,2.3384581056572613e-05,-10.481181585498033,2.8059548175679132e-05,-10.171641280327432,3.823951012784504e-05,-10.204801,3.6992304e-05
2026-08-05,-10.499568439753482,2.754833555123832e-05,-10.310205989716241,3.3291581867230224e-05,-10.085834335472162,4.1665615590670705e-05,-10.15088,3.9041715e-05
2026-08-06,-10.675294092049985,2.3108868599719067e-05,-10.204294425972105,3.701103576133095e-05,-10.008153127686343,4.503128319156201e-05,-9.867322,5.1841376e-05
2026-08-07,-10.632755901635496,2.4113085412718555e-05,-10.421740794705023,2.977799694554837e-05,-10.147340952720453,3.918012509126024e-05,-10.165784,3.8464153e-05
2026-08-10,-11.400947987795137,1.1184876688594233e-05,-10.635751828230879,2.4040952485264628e-05,-10.5799933041205,2.5419516721650343e-05,-10.614499,2.4557354e-05
2026-08-11,-11.252203530857138,1.2978667227917348e-05,-10.836202630062612,1.967419596997351e-05,-11.048604444068815,1.5909336114144665e-05,-11.106094,1.5020503e-05
2026-08-12,-11.074708599542438,1.5499409995927317e-05,-10.622309349143746,2.4366304354885438e-05,-10.790348514740687,2.0597342100499353e-05,-10.73743,2.1716685e-05
2026-08-13,-11.136373853129388,1.4572507488770591e-05,-10.718219920925655,2.213789037455991e-05,-10.766560148965187,2.1093193573752838e-05,-10.720217,2.2093727e-05
2026-08-14,-11.987201946089376,6.223351648564168e-06,-10.889252450365198,1.8657684664931935e-05,-10.874844044725096,1.892845817677286e-05,-10.923727,1.802543e-05
2026-08-17,-11.815134505308032,7.391835295633172e-06,-10.930249761301821,1.7908237395102584e-05,-11.087883263559055,1.5296549718996937e-05,-11.043069,1.5997648e-05
2026-08-18,-11.615377997415978,9.026209939470608e-06,-10.855986477852522,1.9288789652087604e-05,-11.062017696794335,1.5697364957559808e-05,-11.057005,1.577625e-05
2026-08-19,-10.483596175243717,2.79918776095911e-05,-10.918286484190098,1.8123765240791736e-05,-11.154765051023984,1.430695105520854e-05,-11.109947,1.4962745e-05
2026-08-20,-10.662286332161344,2.3411426749541283e-05,-10.708640924045458,2.2350968063368624e-05,-10.706550763574816,2.2397734030457333e-05,-10.595324,2.5032801e-05
2026-08-21,-11.182825796707798,1.3911067707492437e-05,-10.627812010558035,2.4232593053502406e-05,-10.646444654485807,2.3785256251318955e-05,-10.711596,2.2285025e-05
2026-08-24,-11.112919982658363,1.4918328763119298e-05,-10.799780628307388,2.040397897565181e-05,-10.828333860706346,1.982961836989331e-05,-10.770434,2.1011632e-05
2026-08-25,-11.523067046889452,9.899096705161031e-06,-10.79326763963197,2.0537303559113617e-05,-10.814904924419347,2.0097705082467015e-05,-10.81009,2.0194706e-05
2026-08-26,-11.122178314115908,1.4780847336980397e-05,-10.891852505397559,1.8609236669047964e-05,-11.16515896855515,1.4159015930388916e-05,-11.158388,1.4255209e-05
2026-08-27,-10.782903448422845,2.0751262942875754e-05,-11.016737966354306,1.6424474855800603e-05,-10.917215716682357,1.8143181973277456e-05,-11.007539,1.6576263e-05
2026-08-28,-10.42194587515195,2.9771890686784733e-05,-10.929894115573704,1.7914607515916244e-05,-10.887045850426151,1.869890016711516e-05,-11.003072,1.6650476e-05
2026-08-31,-11.17958875147506,1.3956171424899171e-05,-10.618085651744318,2.4469437900344836e-05,-10.600814760794002,2.4895717411446965e-05,-10.612015,2.461844e-05
2026-09-01,-11.10475121422148,1.5040692235255369e-05,-10.85039649991448,1.9396915489659374e-05,-10.856503014942295,1.9278828849598907e-05,-10.8431225,1.9538522e-05
2026-09-02,-11.251344721442322,1.2989818217126325e-05,-10.796788079457228,2.0465130333050265e-05,-10.759680219851413,2.12388136036743e-05,-10.778915,2.0834184e-05
2026-09-03,-10.854275529710089,1.932182001947789e-05,-11.000429031566359,1.66945367703e-05,-10.961588527839607,1.7355718178832775e-05,-11.000913,1.6686465e-05
2026-09-04,-11.574776425087618,9.40022977265478e-06,-10.859868640451262,1.921405259888628e-05,-10.739385042656878,2.1674262903022577e-05,-10.86804,1.9057687e-05
2026-09-08,-11.029059191994095,1.622334681156949e-05,-10.910213022519194,1.827067901817565e-05,-11.074350719804693,1.550495791339627e-05,-11.026837,1.6259433e-05
2026-09-09,-10.776862695543151,2.087699557178626e-05,-10.755067816040318,2.133700185634488e-05,-10.730987648237658,2.1857036574628774e-05,-10.6958475,2.263875e-05
2026-09-10,-10.835421972726628,1.9689560771929422e-05,-10.764208406732244,2.1142857703633972e-05,-10.754762479257897,2.1343517822569677e-05,-10.727246,2.1938964e-05
2026-09-11,-10.87312266007801,1.8961069394243197e-05,-10.777732918515303,2.0858835833306992e-05,-10.755098888607638,2.1336338871218687e-05,-10.727847,2.1925787e-05
2026-09-14,-10.732184620367972,2.1830889962502472e-05,-10.812638626762308,2.014330411538122e-05,-10.828275921328206,1.9830767318934786e-05,-10.822386,1.9947918e-05
2026-09-15,-11.131264151572909,1.464715921456378e-05,-10.86677854104811,1.9081743054709734e-05,-10.813924042022048,2.011742823907572e-05,-10.940181,1.773127e-05
2026-09-16,-9.793632308588192,5.580582470736213e-05,-10.758128066357965,2.1271805099715303e-05,-10.786122112334471,2.068457897592915e-05,-10.748892,2.1469186e-05
2026-09-17,-11.04804548304312,1.5918231298776308e-05,-10.265073324815603,3.482854235218801e-05,-10.35362218371858,3.1877115638408944e-05,-10.349641,3.2004282e-05
2026-09-18,-11.584746498347409,9.306974446859588e-06,-10.723447621421546,2.202246208919993e-05,-10.772751920515537,2.0962992840444766e-05,-10.684279,2.2902157e-05
2026-09-21,-11.508032766064186,1.0049046877018827e-05,-10.93486868576712,1.7825711336803544e-05,-11.13861394659045,1.453990024530547e-05,-11.129059,1.4679497e-05
2026-09-22,-11.498636064424907,1.0143919820563449e-05,-10.86552268382282,1.9105722053544e-05,-10.960765972009911,1.737000009903244e-05,-11.136509,1.457054e-05
2026-09-23,-10.66467264724227,2.3355626314012893e-05,-10.86645622509519,1.908789439619027e-05,-11.093133649920748,1.5216447391068435e-05,-11.03672,1.6099533e-05
2026-09-24,-10.271737686307851,3.4597204072880476e-05,-10.603129147158711,2.483816572663663e-05,-10.584835038186352,2.52967396484195e-05,-10.585172,2.5288224e-05
2026-09-25,-10.27393453354171,3.4521282725149035e-05,-10.769350534258306,2.1034417478732396e-05,-10.691966140511616,2.2726790286683793e-05,-10.705889,2.2412565e-05
2026-09-28,-10.13203053355965,3.978460484043883e-05,-10.71878081191856,2.212547691287178e-05,-10.672314689335696,2.3177821894358532e-05,-10.694466,2.2670056e-05
2026-09-29,-10.630519492125028,2.4167072492369987e-05,-10.461472454229227,2.8618063338873005e-05,-10.548424691885064,2.623477618860962e-05,-10.525992,2.6829932e-05
2026-09-30,-10.489858999536215,2.781711721654065e-05,-10.537162029317537,2.6531919793445528e-05,-10.721109298454602,2.2074017971752642e-05,-10.698301,2.2583266e-05
